{
    "detector": {
        "mAP50": 0.795748988728301,
        "mAP50_95": 0.5683563045743704,
        "precision": 0.8657845383426621,
        "recall": 0.7028955314551679
    },
    "status": "success"
}